<?xml version="1.0" encoding="UTF-8" ?>
<doctrine-mapping xmlns="http://doctrine-project.org/schemas/orm/doctrine-mapping"
                  xmlns:xsi="http://www.w3.org/2001/XMLSchema-instance"
                  xsi:schemaLocation="http://doctrine-project.org/schemas/orm/doctrine-mapping http://doctrine-project.org/schemas/orm/doctrine-mapping.xsd">

    <entity name="App\Entity\User" table="users" repository-class="App\Repository\UserRepository">
        <id name="id" type="integer">
            <generator strategy="AUTO" />
        </id>
        <field name="username" length="30" unique="true" />
        <field name="password" />
        <field name="email" length="80" unique="true" />
        <field name="isActive" type="boolean" />
        <field name="lastLogin" type="datetime" nullable="true" />
        <field name="confirmationToken" length="128" nullable="true" />
        <field name="passwordRequestedAt" type="datetime" nullable="true" />
        <field name="passwordRequestCounter" type="smallint" nullable="true" />

    </entity>
</doctrine-mapping>