<?xml version="1.0" encoding="UTF-8" ?>
<doctrine-mapping xmlns="http://doctrine-project.org/schemas/orm/doctrine-mapping"
                  xmlns:gedmo="http://gediminasm.org/schemas/orm/doctrine-extensions-mapping">

    <entity name="App\Entity\Wishlist" repository-class="App\Repository\WishlistRepository">
        <id name="id" type="integer">
            <generator strategy="AUTO" />
        </id>
        <field name="username" nullable="true" length="150" />
        <field name="session_id" length="150" />
        <field name="product_id" type="integer" />
        <field name="createdAt" type="datetime">
            <gedmo:timestampable on="create" />
        </field>
        <field name="updatedAt" type="datetime">
            <gedmo:timestampable on="update" />
        </field>

    </entity>

</doctrine-mapping>